{
    "k_0": {
        "global_nDCG": 0.8435706294775744,
        "local_avg_nDCG": 0.3405637650896882
    },
    "k_1_p_1.0": {
        "global_nDCG": 0.9050637735933738,
        "local_avg_nDCG": 0.34430331990483953
    },
    "k_1_p_0.5": {
        "global_nDCG": 0.9090213840418863,
        "local_avg_nDCG": 0.34711600092258577
    },
    "k_1_p_0.0": {
        "global_nDCG": 0.8968193004604428,
        "local_avg_nDCG": 0.34347266154383
    },
    "k_2_p_1.0": {
        "global_nDCG": 0.9224786014423213,
        "local_avg_nDCG": 0.3429298300750812
    },
    "k_2_p_0.5": {
        "global_nDCG": 0.9145850502164062,
        "local_avg_nDCG": 0.33936827825536264
    },
    "k_2_p_0.0": {
        "global_nDCG": 0.9012562827641287,
        "local_avg_nDCG": 0.3495864669211945
    }
}