{
    "k_0": {
        "global_nDCG": 0.9384141461699659,
        "local_avg_nDCG": 0.684994098218627
    },
    "k_1_p_1.0": {
        "global_nDCG": 0.9462153977829234,
        "local_avg_nDCG": 0.6951626764102574
    },
    "k_1_p_0.5": {
        "global_nDCG": 0.9425392352302698,
        "local_avg_nDCG": 0.6928539437374879
    },
    "k_1_p_0.0": {
        "global_nDCG": 0.9425918800828372,
        "local_avg_nDCG": 0.695509536825495
    },
    "k_2_p_1.0": {
        "global_nDCG": 0.9445475319758297,
        "local_avg_nDCG": 0.6897476930455656
    },
    "k_2_p_0.5": {
        "global_nDCG": 0.9418682062779937,
        "local_avg_nDCG": 0.6951272613146489
    },
    "k_2_p_0.0": {
        "global_nDCG": 0.9424441189549042,
        "local_avg_nDCG": 0.6908435225173941
    }
}