{
    "k_0": {
        "global_nDCG": 0.9060072066857191,
        "local_avg_nDCG": 0.2840882443256112
    },
    "k_1_p_1.0": {
        "global_nDCG": 0.8313348517495278,
        "local_avg_nDCG": 0.2650694877217538
    },
    "k_1_p_0.5": {
        "global_nDCG": 0.8498789382447768,
        "local_avg_nDCG": 0.26497635828834465
    },
    "k_1_p_0.0": {
        "global_nDCG": 0.8473792602853362,
        "local_avg_nDCG": 0.2669021732117255
    },
    "k_2_p_1.0": {
        "global_nDCG": 0.8278736550208999,
        "local_avg_nDCG": 0.263285797413693
    },
    "k_2_p_0.5": {
        "global_nDCG": 0.8389356999026768,
        "local_avg_nDCG": 0.2978502097577329
    },
    "k_2_p_0.0": {
        "global_nDCG": 0.8250447606062696,
        "local_avg_nDCG": 0.3077390944113025
    }
}