{
    "k_0": {
        "global_nDCG": 0.8435706294775744,
        "local_avg_nDCG": 0.3405637650896882
    },
    "k_1_p_1": {
        "global_nDCG": 0.8999191289855325,
        "local_avg_nDCG": 0.34392640870000535
    },
    "k_1_p_0.5": {
        "global_nDCG": 0.9064333586971093,
        "local_avg_nDCG": 0.34198770815468843
    },
    "k_1_p_0.0": {
        "global_nDCG": 0.9129689115938812,
        "local_avg_nDCG": 0.3418395392789447
    },
    "k_2_p_1": {
        "global_nDCG": 0.9039883796980126,
        "local_avg_nDCG": 0.33681460898721394
    },
    "k_2_p_0.5": {
        "global_nDCG": 0.9306425241760027,
        "local_avg_nDCG": 0.3399497165682885
    },
    "k_2_p_0.0": {
        "global_nDCG": 0.940870721941946,
        "local_avg_nDCG": 0.3411228810729912
    }
}