{
    "k_0": {
        "global_nDCG": 0.8654022217507926,
        "local_avg_nDCG": 0.32084495996427287
    },
    "k_1_p_1": {
        "global_nDCG": 0.7910529915883071,
        "local_avg_nDCG": 0.31859568292173085
    },
    "k_1_p_0.5": {
        "global_nDCG": 0.7978496180603011,
        "local_avg_nDCG": 0.3088597762044359
    },
    "k_1_p_0.0": {
        "global_nDCG": 0.8442169548755605,
        "local_avg_nDCG": 0.31010714355731334
    },
    "k_2_p_1": {
        "global_nDCG": 0.7710825141571951,
        "local_avg_nDCG": 0.31139664600127676
    },
    "k_2_p_0.5": {
        "global_nDCG": 0.7881170437372281,
        "local_avg_nDCG": 0.3114548631538761
    }
}