{
    "k_0": {
        "global_nDCG": 0.8805798243171606,
        "local_avg_nDCG": 0.677621288950746
    },
    "k_1_p_1.0": {
        "global_nDCG": 0.9350064221002367,
        "local_avg_nDCG": 0.6589479266350978
    },
    "k_1_p_0.5": {
        "global_nDCG": 0.9348546281913019,
        "local_avg_nDCG": 0.6504092585406812
    },
    "k_1_p_0.0": {
        "global_nDCG": 0.9394701468844684,
        "local_avg_nDCG": 0.6563053067928698
    },
    "k_2_p_1.0": {
        "global_nDCG": 0.9389778724370452,
        "local_avg_nDCG": 0.6634779511774016
    },
    "k_2_p_0.5": {
        "global_nDCG": 0.940166208513604,
        "local_avg_nDCG": 0.658444679570811
    },
    "k_2_p_0.0": {
        "global_nDCG": 0.936637001587251,
        "local_avg_nDCG": 0.6631814295376941
    },
    "k_3_p_1.0": {
        "global_nDCG": 0.9395073354776752,
        "local_avg_nDCG": 0.6637608725351734
    },
    "k_3_p_0.5": {
        "global_nDCG": 0.9311817253641027,
        "local_avg_nDCG": 0.6615024131230841
    },
    "k_3_p_0.0": {
        "global_nDCG": 0.9352421506082508,
        "local_avg_nDCG": 0.6566001818377638
    },
    "k_4_p_1.0": {
        "global_nDCG": 0.9365286678897167,
        "local_avg_nDCG": 0.6690035092215252
    },
    "k_4_p_0.5": {
        "global_nDCG": 0.9307374628135809,
        "local_avg_nDCG": 0.6640525607147606
    },
    "k_4_p_0.0": {
        "global_nDCG": 0.9336902761714616,
        "local_avg_nDCG": 0.662531885691117
    }
}