{
    "k_0": {
        "global_nDCG": 0.8654022217507926,
        "local_avg_nDCG": 0.32084495996427287
    },
    "k_1_p_1.0": {
        "global_nDCG": 0.8699454992677019,
        "local_avg_nDCG": 0.3152415157870859
    },
    "k_1_p_0.5": {
        "global_nDCG": 0.9068135964421763,
        "local_avg_nDCG": 0.31416157061844285
    },
    "k_1_p_0.0": {
        "global_nDCG": 0.8990048475112339,
        "local_avg_nDCG": 0.31761212719295084
    },
    "k_2_p_1.0": {
        "global_nDCG": 0.842680477945246,
        "local_avg_nDCG": 0.31461094725501076
    },
    "k_2_p_0.5": {
        "global_nDCG": 0.8225865945354558,
        "local_avg_nDCG": 0.3122246261019361
    },
    "k_2_p_0.0": {
        "global_nDCG": 0.8250546604313681,
        "local_avg_nDCG": 0.31003565481735695
    }
}